{
    "params": {
        "work": [
            0.24724110231969398,
            0.1562700246376193,
            0.8430628410327105,
            0.020562533922655613,
            0.48614828313581315,
            0.13853872672453182,
            0.33965867217756174,
            0.4651502119820389,
            0.09529273745901645,
            0.32184370805902085
        ],
        "time": [
            0.41140339559744554,
            0.2815520693912321,
            0.801429682051107,
            0.7355885021122147,
            0.6690151100663988,
            0.16062985405572117,
            0.4404876113278523,
            0.18073667981787556,
            0.4783159557357586,
            0.2954902153235357
        ],
        "cost": [
            0.2910013139224099,
            0.5532828575076536,
            0.04090518531697407,
            0.46018315063174486,
            0.8660170519027522,
            0.4866441071596076,
            0.7199434129386475,
            0.7668248812830097,
            0.8945343586368318,
            0.13910751371908603,
            0.6847198877025417,
            0.21486937228800107,
            0.842930555407316,
            0.1387270485639689,
            0.15439280837486602,
            0.8931693056517658,
            0.41259033369978515,
            0.9469642274598237,
            0.2830379465245597,
            0.33495480369563113,
            0.6730917987566049,
            0.7323148873715745,
            0.6032827910268428,
            0.6604241763343275,
            0.2172115968120184,
            0.5233876154954559,
            0.7350689551759875,
            0.9825837443524831,
            0.10994681599468892,
            0.06806802299111969,
            0.27606261045819447,
            0.21574563656650092,
            0.3148280027809198,
            0.28876558888969006,
            0.6765601827843191,
            0.4466276663876968,
            0.05272482951783175,
            0.25393176351819335,
            0.6594240177353288,
            0.14012896976536204,
            0.5320754924281509,
            0.9334877287580396,
            0.21518300002795931,
            0.024041752906105884,
            0.2121298934085517,
            0.010539174557017805,
            0.9850149666540845,
            0.27520469189156205,
            0.706829414866045,
            0.28831478082389705
        ],
        "effi": [
            0.9683703789454802,
            0.7807109967384541,
            0.8326411007688393,
            0.1716148112805962,
            0.6120851966823301,
            0.17348709206834467,
            0.5773947714545921,
            0.43765827580374184,
            0.6396727914509948,
            0.7738452673221639,
            0.97359938097544,
            0.2276424703436788,
            0.7658326029756556,
            0.10492242396183848,
            0.5211961771078231,
            0.2899922636368216,
            0.4176744120183852,
            0.3204683394922161,
            0.6329493302831471,
            0.2645976364746667,
            0.2936385959839388,
            0.8355271599505005,
            0.28203297724259135,
            0.6865661684210878,
            0.8806471072738694,
            0.35116439801113064,
            0.5334212761228725,
            0.3616105163310672,
            0.919888105103681,
            0.11090387884459374,
            0.941066962703054,
            0.6244701475869683,
            0.6056206187990348,
            0.35304933384413806,
            0.0789334520714482,
            0.12695407555246252,
            0.5004925541225304,
            0.6653122143911868,
            0.18293306894254502,
            0.42535078036179796,
            0.916620461135894,
            0.479352699749394,
            0.847855442856619,
            0.480186828097651,
            0.28235903126739914,
            0.4125702164970474,
            0.5641470365716752,
            0.7005064639520894,
            0.21053619087015785,
            0.6464021827723438
        ]
    },
    "algorithms": {
        "ga": {
            "max_iter": 30,
            "pop_size": 100,
            "rep_ratio": 0.1,
            "penalty_c": 100.0
        },
        "ba": {
            "max_iter": 30,
            "penalty_c": 100.0
        }
    }
}